res_id, elec, vdw, solvAB, solv, total 
SER A19         -0.3362,     0.0815,     1.7596,     1.7596,     3.2644
GLN A24         -0.4474,     0.8239,     1.6975,     2.4856,     4.5596
THR A27          0.0944,     2.8535,     0.7679,    -0.2643,     3.4515
PHE A28          0.0405,     1.3121,    -0.4867,    -1.4038,    -0.5380
ASP A30         -1.4494,     2.2174,     1.6563,     3.3476,     5.7718
LYS A31         -1.0568,     3.7653,     0.0922,     2.4986,     5.2993
HIE A34          0.0803,    -2.0503,     1.6662,     3.0157,     2.7118
GLU A35          0.1798,     1.3301,     1.8874,     2.6278,     6.0250
GLU A37          0.4630,     1.9786,     0.9107,     1.2671,     4.6193
ASP A38         -0.2730,     1.5836,     0.8174,     2.4061,     4.5340
TYR A41          0.1712,     6.0405,     0.0000,    -1.6475,     4.5641
GLN A42         -0.3585,     0.8485,     0.6767,     5.5626,     6.7293
LEU A45         -0.0257,     1.6937,    -0.3930,    -0.9450,     0.3301
LEU A79         -0.0087,     1.0152,    -0.6568,    -1.1270,    -0.7773
MET A82          0.0059,     1.4767,    -1.4961,    -1.8871,    -1.9005
TYR A83          0.2483,     4.1978,     0.0025,    -0.1313,     4.3173
ASN A330        -0.0969,     1.7424,     0.9007,     3.3847,     5.9309
LYS A353        -0.8899,     5.5884,     0.1560,     2.4628,     7.3172
GLY A354         0.0000,     0.0000,     0.0000,     0.0000,     0.0000
ASP A355         0.6010,     1.8800,     0.0379,     0.0682,     2.5871
ARG A357        -0.3495,     1.4214,     0.4835,     1.2802,     2.8355
ARG A393        -0.4294,     0.6750,     0.9676,     1.6621,     2.8754
LYS E417         1.1202,     1.5647,     0.3601,     1.3150,     4.3600
GLY E446         0.0000,     0.0000,     0.0000,     0.0000,     0.0000
GLY E447         0.0000,     0.0000,     0.0000,     0.0000,     0.0000
TYR E449        -0.8685,     0.6386,    -5.4993,    -5.5999,   -11.3291
TYR E453        -0.0606,    -5.0079,    -0.4708,     0.2208,    -5.3184
LEU E455         0.2272,     4.9844,     0.0000,    -0.7840,     4.4276
PHE E456        -0.0477,     3.4312,    -0.8367,    -5.8768,    -3.3301
TYR E473        -0.0535,     1.0003,     0.4993,    -0.1828,     1.2633
ALA E475         0.0000,     0.0000,     0.0000,     0.0000,     0.0000
GLY E476         0.0000,     0.0000,     0.0000,     0.0000,     0.0000
GLU E484        -3.2471,     0.5605,     2.7020,     3.6154,     3.6308
PHE E486        -0.0625,     5.6375,    -4.3741,   -13.9374,   -12.7364
ASN E487        -0.1359,     0.7049,     0.6103,     3.5211,     4.7005
TYR E489         0.1023,     7.7467,    -1.6383,    -5.0943,     1.1164
GLN E493        -0.3098,     2.0971,     2.3015,     5.0541,     9.1429
GLY E496         0.0000,     0.0000,     0.0000,     0.0000,     0.0000
GLN E498        -0.3402,     3.8386,    -0.0110,     3.8272,     7.3147
THR E500        -0.9237,     1.8938,    -0.5208,    -0.3066,     0.1426
ASN E501         0.2627,     3.3650,     0.0578,     0.9234,     4.6090
GLY E502         0.0000,     0.0000,     0.0000,     0.0000,     0.0000
TYR E505         0.0153,     7.5597,    -1.6400,    -7.2549,    -1.3198
